﻿Госпожа Ким Чжи Ен, рожденная в 1982 году;3;Нэм Джу Те;79;123456;"Вы считаете, что настало время самим брать под контроль свои деньги и свое будущее? Вы готовы узнать, что скрывают от вас серые кардиналы мира финансов? Вы хотите, чтобы до вас простым и понятным языком донесли сложные понятия? Тогда это руководство для вас! В своей новой кни..."
Подсознание может все!;1;Джон Кехо;" 63";654321;"Сто тысяч лет назад Homo sapiens был одним из как минимум шести видов человека, живших на этой планете, - ничем не примечательным животным, которое играло в экосистеме роль не большую, чем гориллы светлячки или медузы. Но около семидесяти тысяч лет назад загадочное изменение когнитивных способносте..."
Деньги, успех и вы;2;Кехо Джон;71;9876543;"В своей первой книге, ставшей всемирной сенсацией «Sapiens. Краткая история человечества», Юваль Харари рассказал, как Человек Разумный пришел к господству над нашей планетой. «Homo Deus» является своего рода продолжением темы - это попытка заглянуть в будущее.Что произойдет..."
Искусство манипуляции. Как стать умнее,;1;Хилл Наполеон;56;98765432;"В новой Ника Панаева еда играет главную роль, это ее моноспектакль. Привычные ингредиенты могут переплетаться сливаясь и образовывая вкусовую симфонию у вас во рту. Невероятные рецепты от классических до экзотических, фейерверк вкусов и ярких фотографий которые способны возбудить аппетит одн..."
Заговор богатых 2;2;" Роберт Кийосаки";14;98765431;"Эта книг конкретное, увлекательное на многое открывающее глаза руководство с четким обещанием: каждый может оптимизировать свои умственные способности задействовать неиспользованные ресурсы и сделать свою жизнь богаче (во всех смыслах).Хенрик Фексеус знаменитый шведский психолог и специали...maktabi kuhna"
Заговор богатых;3;" Роберт Кийосаки";124;98765433;"Эта книг конкретное, увлекательное на многое открывающее глаза руководство с четким обещанием: каждый может оптимизировать свои умственные способности задействовать неиспользованные ресурсы и сделать свою жизнь богаче (во всех смыслах).Хенрик Фексеус знаменитый шведский психолог и специали..."
Марги судхур;4;sadriddin ayni;50;987654;"kitobi tojiki buda asosan dar borai zondagii yak mardi bisyor zikna va hele past guftu guzor mekunad khele kitoni kahddovar meboshad"